boites_neg,rem_neg,bse_neg,pct_boites_neg,pct_rem_neg,pct_bse_neg
23,48,23,0.0011940831621814136,0.0024919996428133845,0.0011940831621814136
