boites_neg,rem_neg,bse_neg,pct_boites_neg,pct_rem_neg,pct_bse_neg
144,226,151,0.005924424096607609,0.009298054484953609,0.006212416934637146
