type_medicament,nb_medicaments,remboursement_total,base_remboursement_totale,boites_delivrees,part_remboursement,part_boites
Générique,7637,3946103614.31,5039747136.34,997155591,16.146036592079454,42.496479331435246
Inconnu,1250,2914377765.61,3308903267.77,224373422,11.924585526857683,9.562279524486364
Non générique,3739,17579594621.43,19623449465.78,1124913814,71.92937788106288,47.94124114407838
