top_10,top_20,top_50,top_100
15.622054371579457,22.4635400891182,34.44106434541233,45.9341870775145
