sexe,nb_medicaments,remboursement_total,base_remboursement_totale,boites_delivrees,part_remboursement,part_boites
MASCULIN,11628,14555309117.66,16374454916.76,996695584,52.27067899973286,42.835927703412544
FEMININ,11807,13222128284.52,15394662380.949999,1329930120,47.48299178441244,57.1576631676044
Inconnu,3310,68592908.11,69611740.03,149126,0.246329215854702,0.006409128983056774
