top_10,top_20,top_50,top_100
15.423622224218047,22.680225315476996,33.709295386212894,45.171651585945085
