tranche_age,nb_medicaments,remboursement_total,base_remboursement_totale,boites_delivrees,part_remboursement,part_boites
60 ANS ET +,11913,16655062528.41,18474414637.34,1336694357,59.81126337514407,57.44837617140632
20 - 59 ANS,11634,9157115329.14,10705934358.07,817659562,32.8848141982958,35.141327448518084
0-19 ANS,6908,2009128487.18,2632451428.2400002,171354050,7.215134311038808,7.3644448870026675
Inconnu,4722,24723965.56,25928614.09,1066861,0.08878811552131256,0.045851493072924465
